product_id,product_name,category,price,stock
1,Product_1,Home,12.09,387
2,Product_2,Clothing,241.78,997
3,Product_3,Home,15.41,920
4,Product_4,Electronics,410.71,708
5,Product_5,Home,413.3,669
6,Product_6,Toys,394.93,203
7,Product_7,Toys,145.27,195
8,Product_8,Home,419.43,727
9,Product_9,Toys,273.78,284
10,Product_10,Clothing,190.04,968
11,Product_11,Home,314.54,195
12,Product_12,Clothing,11.11,306
13,Product_13,Clothing,75.77,663
14,Product_14,Grocery,372.44,13
15,Product_15,Home,125.86,836
16,Product_16,Toys,301.01,145
17,Product_17,Clothing,195.63,937
18,Product_18,Grocery,428.13,56
19,Product_19,Home,476.45,722
20,Product_20,Home,442.36,779
21,Product_21,Electronics,138.96,209
22,Product_22,Electronics,101.11,528
23,Product_23,Clothing,239.85,797
24,Product_24,Electronics,8.63,343
25,Product_25,Clothing,17.78,714
26,Product_26,Toys,278.88,610
27,Product_27,Clothing,262.62,278
28,Product_28,Electronics,497.32,208
29,Product_29,Toys,104.91,640
30,Product_30,Electronics,132.76,334
31,Product_31,Clothing,61.2,287
32,Product_32,Grocery,459.18,251
33,Product_33,Home,390.02,264
34,Product_34,Electronics,412.06,270
35,Product_35,Clothing,451.87,923
36,Product_36,Toys,264.83,919
37,Product_37,Electronics,228.34,699
38,Product_38,Electronics,168.54,418
39,Product_39,Home,296.66,725
40,Product_40,Clothing,229.87,794
41,Product_41,Grocery,228.52,210
42,Product_42,Toys,468.78,364
43,Product_43,Clothing,492.1,75
44,Product_44,Toys,399.26,659
45,Product_45,Electronics,379.6,320
46,Product_46,Home,341.88,724
47,Product_47,Home,87.21,432
48,Product_48,Grocery,34.26,108
49,Product_49,Home,346.91,640
50,Product_50,Electronics,365.75,521
51,Product_51,Grocery,28.25,46
52,Product_52,Clothing,464.39,378
53,Product_53,Home,50.11,826
54,Product_54,Grocery,146.52,95
55,Product_55,Electronics,337.83,957
56,Product_56,Toys,89.09,102
57,Product_57,Toys,32.43,891
58,Product_58,Electronics,168.92,853
59,Product_59,Electronics,384.16,145
60,Product_60,Toys,209.77,879
61,Product_61,Grocery,328.22,941
62,Product_62,Toys,291.91,927
63,Product_63,Electronics,16.0,26
64,Product_64,Home,494.33,731
65,Product_65,Clothing,25.51,529
66,Product_66,Home,484.06,678
67,Product_67,Home,277.18,944
68,Product_68,Electronics,481.76,988
69,Product_69,Toys,61.8,81
70,Product_70,Grocery,247.75,427
71,Product_71,Home,88.9,583
72,Product_72,Toys,30.23,821
73,Product_73,Grocery,310.68,478
74,Product_74,Home,107.85,765
75,Product_75,Grocery,295.91,161
76,Product_76,Toys,60.62,838
77,Product_77,Clothing,169.33,931
78,Product_78,Toys,391.91,401
79,Product_79,Electronics,221.34,507
80,Product_80,Grocery,315.73,37
81,Product_81,Clothing,325.49,954
82,Product_82,Grocery,422.66,510
83,Product_83,Grocery,165.84,392
84,Product_84,Home,345.21,712
85,Product_85,Electronics,481.0,493
86,Product_86,Grocery,366.47,199
87,Product_87,Toys,247.49,254
88,Product_88,Toys,317.21,178
89,Product_89,Home,371.14,546
90,Product_90,Electronics,308.08,593
91,Product_91,Electronics,13.25,388
92,Product_92,Toys,101.41,397
93,Product_93,Clothing,406.18,731
94,Product_94,Home,139.96,157
95,Product_95,Home,367.12,3
96,Product_96,Toys,189.2,166
97,Product_97,Toys,263.33,467
98,Product_98,Clothing,38.65,959
99,Product_99,Clothing,94.71,408
100,Product_100,Electronics,478.81,411
101,Product_101,Home,445.62,203
102,Product_102,Home,327.88,193
103,Product_103,Toys,232.52,234
104,Product_104,Electronics,339.5,717
105,Product_105,Home,311.21,149
106,Product_106,Electronics,286.43,158
107,Product_107,Electronics,34.29,278
108,Product_108,Toys,318.24,815
109,Product_109,Electronics,385.62,403
110,Product_110,Clothing,497.07,892
111,Product_111,Clothing,10.48,677
112,Product_112,Grocery,366.44,310
113,Product_113,Toys,288.04,67
114,Product_114,Grocery,219.86,462
115,Product_115,Clothing,68.15,87
116,Product_116,Grocery,207.5,216
117,Product_117,Toys,180.42,0
118,Product_118,Toys,154.9,134
119,Product_119,Electronics,366.79,696
120,Product_120,Home,351.86,350
121,Product_121,Electronics,296.56,139
122,Product_122,Toys,469.64,617
123,Product_123,Clothing,178.18,132
124,Product_124,Clothing,125.68,619
125,Product_125,Electronics,329.67,177
126,Product_126,Toys,103.41,809
127,Product_127,Clothing,160.93,357
128,Product_128,Toys,116.18,379
129,Product_129,Clothing,39.23,907
130,Product_130,Toys,414.61,870
131,Product_131,Grocery,131.0,657
132,Product_132,Toys,239.15,449
133,Product_133,Toys,26.44,585
134,Product_134,Electronics,351.17,462
135,Product_135,Grocery,168.63,989
136,Product_136,Home,373.64,107
137,Product_137,Electronics,209.14,121
138,Product_138,Home,101.9,16
139,Product_139,Clothing,259.02,195
140,Product_140,Home,69.6,326
141,Product_141,Toys,223.07,317
142,Product_142,Home,162.07,808
143,Product_143,Electronics,456.42,478
144,Product_144,Electronics,35.16,251
145,Product_145,Home,348.54,502
146,Product_146,Electronics,95.46,998
147,Product_147,Electronics,162.93,118
148,Product_148,Home,210.68,673
149,Product_149,Grocery,454.47,709
150,Product_150,Grocery,125.08,497
151,Product_151,Clothing,50.2,485
152,Product_152,Electronics,162.75,44
153,Product_153,Home,56.81,313
154,Product_154,Electronics,68.66,178
155,Product_155,Toys,289.06,893
156,Product_156,Electronics,35.15,417
157,Product_157,Electronics,20.31,555
158,Product_158,Grocery,358.63,782
159,Product_159,Home,184.02,77
160,Product_160,Electronics,67.06,325
161,Product_161,Grocery,130.54,689
162,Product_162,Clothing,322.83,356
163,Product_163,Grocery,141.39,415
164,Product_164,Grocery,249.79,962
165,Product_165,Grocery,65.24,514
166,Product_166,Electronics,296.11,213
167,Product_167,Electronics,161.46,853
168,Product_168,Clothing,315.35,73
169,Product_169,Toys,405.16,562
170,Product_170,Toys,307.76,578
171,Product_171,Toys,151.4,508
172,Product_172,Clothing,131.59,331
173,Product_173,Toys,167.07,92
174,Product_174,Toys,86.49,687
175,Product_175,Grocery,94.68,656
176,Product_176,Electronics,396.39,518
177,Product_177,Electronics,195.44,268
178,Product_178,Grocery,220.82,375
179,Product_179,Grocery,299.05,833
180,Product_180,Grocery,296.88,3
181,Product_181,Electronics,38.35,137
182,Product_182,Toys,416.61,230
183,Product_183,Grocery,92.78,599
184,Product_184,Clothing,362.92,528
185,Product_185,Grocery,387.47,51
186,Product_186,Home,358.88,645
187,Product_187,Grocery,291.59,722
188,Product_188,Electronics,12.23,324
189,Product_189,Grocery,183.39,991
190,Product_190,Home,304.4,969
191,Product_191,Clothing,196.79,904
192,Product_192,Toys,432.42,730
193,Product_193,Grocery,157.86,716
194,Product_194,Home,150.3,722
195,Product_195,Home,136.67,276
196,Product_196,Clothing,169.73,535
197,Product_197,Electronics,280.92,485
198,Product_198,Grocery,354.97,515
199,Product_199,Home,332.97,151
200,Product_200,Clothing,404.82,954
201,Product_201,Toys,443.53,482
202,Product_202,Home,408.96,258
203,Product_203,Clothing,14.38,323
204,Product_204,Electronics,369.28,868
205,Product_205,Electronics,108.16,167
206,Product_206,Home,70.8,687
207,Product_207,Home,321.05,309
208,Product_208,Grocery,163.27,802
209,Product_209,Clothing,33.27,478
210,Product_210,Home,73.13,55
211,Product_211,Grocery,5.46,619
212,Product_212,Grocery,452.1,472
213,Product_213,Home,17.19,295
214,Product_214,Electronics,108.68,460
215,Product_215,Clothing,211.05,323
216,Product_216,Clothing,181.5,813
217,Product_217,Electronics,456.3,845
218,Product_218,Home,24.94,140
219,Product_219,Clothing,258.55,666
220,Product_220,Home,341.84,261
221,Product_221,Home,466.19,784
222,Product_222,Grocery,312.08,419
223,Product_223,Electronics,402.86,743
224,Product_224,Home,46.44,240
225,Product_225,Toys,196.04,354
226,Product_226,Electronics,190.1,848
227,Product_227,Clothing,443.71,769
228,Product_228,Grocery,79.93,760
229,Product_229,Clothing,80.18,588
230,Product_230,Clothing,167.64,179
231,Product_231,Electronics,31.96,65
232,Product_232,Clothing,95.32,819
233,Product_233,Home,482.78,347
234,Product_234,Clothing,216.95,170
235,Product_235,Grocery,317.85,473
236,Product_236,Grocery,364.43,533
237,Product_237,Toys,186.65,366
238,Product_238,Grocery,77.88,106
239,Product_239,Clothing,107.26,438
240,Product_240,Grocery,160.07,834
241,Product_241,Electronics,319.85,226
242,Product_242,Grocery,202.15,443
243,Product_243,Home,8.37,441
244,Product_244,Electronics,264.09,395
245,Product_245,Toys,461.15,727
246,Product_246,Home,406.98,580
247,Product_247,Clothing,413.48,83
248,Product_248,Clothing,398.55,614
249,Product_249,Clothing,165.25,550
250,Product_250,Home,383.77,12
251,Product_251,Home,75.86,808
252,Product_252,Home,330.57,824
253,Product_253,Electronics,322.58,692
254,Product_254,Electronics,17.66,492
255,Product_255,Clothing,395.05,267
256,Product_256,Grocery,452.11,524
257,Product_257,Clothing,137.37,119
258,Product_258,Toys,407.13,969
259,Product_259,Electronics,45.79,352
260,Product_260,Home,301.98,56
261,Product_261,Electronics,245.4,39
262,Product_262,Home,275.23,885
263,Product_263,Toys,463.47,335
264,Product_264,Toys,436.3,639
265,Product_265,Electronics,393.62,172
266,Product_266,Home,140.48,546
267,Product_267,Toys,456.35,258
268,Product_268,Clothing,53.27,887
269,Product_269,Clothing,427.4,516
270,Product_270,Home,167.44,729
271,Product_271,Electronics,31.62,522
272,Product_272,Toys,336.33,893
273,Product_273,Electronics,119.48,838
274,Product_274,Clothing,125.57,116
275,Product_275,Toys,156.49,183
276,Product_276,Electronics,36.52,905
277,Product_277,Grocery,92.68,873
278,Product_278,Home,7.54,115
279,Product_279,Home,225.48,161
280,Product_280,Grocery,46.71,578
281,Product_281,Clothing,342.91,711
282,Product_282,Toys,121.63,542
283,Product_283,Home,472.07,586
284,Product_284,Grocery,436.27,236
285,Product_285,Grocery,148.27,838
286,Product_286,Clothing,392.69,65
287,Product_287,Clothing,402.61,69
288,Product_288,Electronics,493.35,808
289,Product_289,Home,300.93,446
290,Product_290,Electronics,45.57,415
291,Product_291,Grocery,325.18,531
292,Product_292,Toys,314.36,440
293,Product_293,Toys,320.98,737
294,Product_294,Clothing,157.04,945
295,Product_295,Toys,430.54,463
296,Product_296,Toys,479.94,920
297,Product_297,Toys,112.77,395
298,Product_298,Grocery,48.64,710
299,Product_299,Toys,101.29,550
300,Product_300,Toys,411.17,656
301,Product_301,Toys,339.94,556
302,Product_302,Electronics,319.84,394
303,Product_303,Grocery,203.89,325
304,Product_304,Clothing,291.02,892
305,Product_305,Electronics,157.4,918
306,Product_306,Home,241.21,90
307,Product_307,Grocery,397.57,749
308,Product_308,Grocery,490.71,69
309,Product_309,Home,466.58,165
310,Product_310,Home,467.26,641
311,Product_311,Home,204.1,213
312,Product_312,Clothing,237.05,851
313,Product_313,Toys,354.29,600
314,Product_314,Grocery,461.49,334
315,Product_315,Toys,75.29,763
316,Product_316,Toys,155.6,368
317,Product_317,Home,73.93,860
318,Product_318,Clothing,307.94,583
319,Product_319,Electronics,156.62,676
320,Product_320,Clothing,166.42,48
321,Product_321,Toys,40.1,51
322,Product_322,Clothing,178.15,288
323,Product_323,Home,431.94,789
324,Product_324,Electronics,120.37,625
325,Product_325,Home,349.12,238
326,Product_326,Electronics,316.67,132
327,Product_327,Toys,432.42,998
328,Product_328,Electronics,70.48,785
329,Product_329,Electronics,488.91,165
330,Product_330,Electronics,293.4,373
331,Product_331,Clothing,497.76,372
332,Product_332,Clothing,456.2,804
333,Product_333,Toys,114.65,477
334,Product_334,Electronics,32.8,754
335,Product_335,Grocery,131.54,478
336,Product_336,Toys,266.14,831
337,Product_337,Electronics,89.94,649
338,Product_338,Electronics,87.89,590
339,Product_339,Clothing,233.98,681
340,Product_340,Toys,21.47,634
341,Product_341,Electronics,65.33,687
342,Product_342,Electronics,210.85,299
343,Product_343,Toys,36.25,81
344,Product_344,Grocery,201.39,86
345,Product_345,Toys,239.63,224
346,Product_346,Toys,228.38,15
347,Product_347,Grocery,435.24,821
348,Product_348,Toys,267.38,357
349,Product_349,Electronics,236.65,162
350,Product_350,Toys,208.3,609
351,Product_351,Grocery,409.72,667
352,Product_352,Home,448.05,513
353,Product_353,Toys,427.36,349
354,Product_354,Clothing,338.41,908
355,Product_355,Electronics,72.99,680
356,Product_356,Electronics,142.05,463
357,Product_357,Clothing,27.8,826
358,Product_358,Clothing,465.76,836
359,Product_359,Toys,332.1,374
360,Product_360,Clothing,374.45,91
361,Product_361,Home,159.23,180
362,Product_362,Grocery,423.6,742
363,Product_363,Clothing,133.5,300
364,Product_364,Clothing,5.81,659
365,Product_365,Home,191.33,791
366,Product_366,Electronics,287.53,188
367,Product_367,Electronics,241.96,858
368,Product_368,Toys,431.73,861
369,Product_369,Home,57.18,313
370,Product_370,Grocery,279.14,492
371,Product_371,Grocery,258.92,922
372,Product_372,Home,144.29,921
373,Product_373,Grocery,412.0,127
374,Product_374,Electronics,377.66,518
375,Product_375,Grocery,367.77,425
376,Product_376,Grocery,438.72,558
377,Product_377,Home,362.78,564
378,Product_378,Home,119.76,186
379,Product_379,Grocery,354.25,549
380,Product_380,Clothing,157.31,452
381,Product_381,Home,124.88,470
382,Product_382,Toys,41.14,987
383,Product_383,Toys,373.29,737
384,Product_384,Electronics,356.95,564
385,Product_385,Grocery,121.08,910
386,Product_386,Clothing,375.94,223
387,Product_387,Electronics,459.33,153
388,Product_388,Grocery,58.47,559
389,Product_389,Home,120.16,350
390,Product_390,Toys,376.38,146
391,Product_391,Clothing,140.88,904
392,Product_392,Toys,314.21,575
393,Product_393,Home,45.18,348
394,Product_394,Grocery,228.84,181
395,Product_395,Home,370.85,636
396,Product_396,Home,344.82,178
397,Product_397,Toys,408.46,38
398,Product_398,Clothing,439.34,771
399,Product_399,Home,387.73,893
400,Product_400,Toys,337.44,2
401,Product_401,Clothing,20.7,63
402,Product_402,Grocery,269.81,28
403,Product_403,Grocery,23.66,371
404,Product_404,Electronics,404.99,522
405,Product_405,Toys,163.76,96
406,Product_406,Clothing,283.4,869
407,Product_407,Home,143.33,441
408,Product_408,Grocery,392.34,202
409,Product_409,Clothing,443.82,410
410,Product_410,Toys,202.33,992
411,Product_411,Electronics,432.15,20
412,Product_412,Grocery,137.2,550
413,Product_413,Clothing,269.66,734
414,Product_414,Clothing,430.09,101
415,Product_415,Clothing,166.31,45
416,Product_416,Toys,477.25,65
417,Product_417,Toys,65.33,602
418,Product_418,Toys,14.05,163
419,Product_419,Home,452.55,970
420,Product_420,Clothing,38.98,110
421,Product_421,Grocery,495.99,337
422,Product_422,Toys,475.94,122
423,Product_423,Toys,72.83,704
424,Product_424,Clothing,271.1,446
425,Product_425,Toys,96.54,610
426,Product_426,Home,216.94,290
427,Product_427,Home,35.41,670
428,Product_428,Toys,115.84,411
429,Product_429,Clothing,184.82,614
430,Product_430,Clothing,222.13,896
431,Product_431,Clothing,488.86,280
432,Product_432,Electronics,404.89,42
433,Product_433,Toys,370.02,485
434,Product_434,Clothing,270.84,595
435,Product_435,Home,420.8,962
436,Product_436,Grocery,172.96,702
437,Product_437,Grocery,355.91,50
438,Product_438,Clothing,496.92,897
439,Product_439,Grocery,160.74,209
440,Product_440,Grocery,338.64,125
441,Product_441,Electronics,422.94,491
442,Product_442,Home,458.32,508
443,Product_443,Home,360.38,959
444,Product_444,Electronics,145.39,969
445,Product_445,Electronics,166.51,580
446,Product_446,Grocery,15.28,776
447,Product_447,Toys,381.64,257
448,Product_448,Grocery,26.16,929
449,Product_449,Electronics,433.0,187
450,Product_450,Home,63.74,229
451,Product_451,Grocery,90.08,188
452,Product_452,Toys,240.88,414
453,Product_453,Grocery,370.25,9
454,Product_454,Clothing,73.81,113
455,Product_455,Grocery,222.84,75
456,Product_456,Electronics,244.01,675
457,Product_457,Home,110.08,501
458,Product_458,Home,62.2,84
459,Product_459,Electronics,419.03,48
460,Product_460,Clothing,253.72,494
461,Product_461,Electronics,12.12,837
462,Product_462,Grocery,402.48,688
463,Product_463,Electronics,490.49,386
464,Product_464,Electronics,304.93,969
465,Product_465,Clothing,254.34,388
466,Product_466,Grocery,439.82,217
467,Product_467,Toys,476.5,700
468,Product_468,Toys,378.5,980
469,Product_469,Home,225.5,345
470,Product_470,Electronics,298.15,229
471,Product_471,Home,351.96,254
472,Product_472,Clothing,101.17,235
473,Product_473,Toys,226.36,25
474,Product_474,Electronics,415.76,583
475,Product_475,Clothing,329.09,260
476,Product_476,Clothing,208.55,765
477,Product_477,Electronics,333.36,270
478,Product_478,Clothing,63.52,122
479,Product_479,Electronics,203.74,655
480,Product_480,Electronics,397.6,256
481,Product_481,Grocery,114.15,655
482,Product_482,Home,97.05,420
483,Product_483,Clothing,475.66,258
484,Product_484,Clothing,108.9,947
485,Product_485,Grocery,134.15,46
486,Product_486,Grocery,484.96,862
487,Product_487,Grocery,368.68,524
488,Product_488,Toys,351.3,887
489,Product_489,Toys,427.2,207
490,Product_490,Toys,62.33,310
491,Product_491,Electronics,354.45,746
492,Product_492,Clothing,254.33,148
493,Product_493,Home,415.43,833
494,Product_494,Electronics,256.53,437
495,Product_495,Clothing,312.02,154
496,Product_496,Clothing,241.48,677
497,Product_497,Grocery,241.69,89
498,Product_498,Grocery,385.15,697
499,Product_499,Electronics,316.14,829
500,Product_500,Grocery,318.47,357
501,Product_501,Clothing,227.89,173
502,Product_502,Grocery,267.9,216
503,Product_503,Toys,374.13,906
504,Product_504,Grocery,413.84,455
505,Product_505,Clothing,349.8,775
506,Product_506,Electronics,462.42,608
507,Product_507,Home,411.06,628
508,Product_508,Grocery,283.12,198
509,Product_509,Clothing,337.35,831
510,Product_510,Home,463.52,485
511,Product_511,Home,311.49,532
512,Product_512,Toys,413.28,199
513,Product_513,Home,345.96,370
514,Product_514,Clothing,278.21,958
515,Product_515,Clothing,124.71,852
516,Product_516,Grocery,215.87,447
517,Product_517,Grocery,484.03,247
518,Product_518,Grocery,330.59,787
519,Product_519,Home,284.38,263
520,Product_520,Home,466.81,57
521,Product_521,Toys,295.32,301
522,Product_522,Grocery,265.41,30
523,Product_523,Electronics,380.86,497
524,Product_524,Toys,357.77,248
525,Product_525,Electronics,100.61,604
526,Product_526,Home,238.3,776
527,Product_527,Toys,238.9,270
528,Product_528,Toys,192.22,605
529,Product_529,Clothing,261.06,665
530,Product_530,Home,209.49,393
531,Product_531,Home,103.68,796
532,Product_532,Toys,209.12,501
533,Product_533,Home,40.78,591
534,Product_534,Toys,290.01,803
535,Product_535,Clothing,427.56,83
536,Product_536,Toys,364.02,364
537,Product_537,Home,183.4,885
538,Product_538,Home,48.1,548
539,Product_539,Toys,105.06,341
540,Product_540,Toys,275.02,838
541,Product_541,Toys,107.49,406
542,Product_542,Grocery,274.27,424
543,Product_543,Home,119.64,743
544,Product_544,Home,425.22,92
545,Product_545,Grocery,201.65,847
546,Product_546,Toys,126.55,613
547,Product_547,Clothing,407.1,411
548,Product_548,Toys,174.71,431
549,Product_549,Toys,60.19,677
550,Product_550,Grocery,287.35,158
551,Product_551,Home,292.87,13
552,Product_552,Toys,358.77,372
553,Product_553,Home,123.91,224
554,Product_554,Electronics,224.67,504
555,Product_555,Home,144.77,72
556,Product_556,Clothing,45.07,248
557,Product_557,Clothing,438.92,510
558,Product_558,Toys,365.79,602
559,Product_559,Home,154.22,215
560,Product_560,Toys,301.69,972
561,Product_561,Grocery,104.63,601
562,Product_562,Clothing,445.67,540
563,Product_563,Toys,61.88,946
564,Product_564,Grocery,6.9,816
565,Product_565,Toys,253.49,938
566,Product_566,Home,293.65,987
567,Product_567,Home,291.59,219
568,Product_568,Home,31.98,839
569,Product_569,Home,160.45,726
570,Product_570,Electronics,252.1,220
571,Product_571,Grocery,112.21,388
572,Product_572,Grocery,436.95,553
573,Product_573,Home,48.12,646
574,Product_574,Electronics,246.26,41
575,Product_575,Home,347.25,675
576,Product_576,Electronics,134.57,872
577,Product_577,Home,314.0,282
578,Product_578,Clothing,415.55,57
579,Product_579,Clothing,99.22,813
580,Product_580,Toys,459.02,833
581,Product_581,Home,279.01,536
582,Product_582,Grocery,153.12,72
583,Product_583,Toys,218.27,884
584,Product_584,Clothing,159.53,922
585,Product_585,Home,363.93,128
586,Product_586,Toys,399.17,598
587,Product_587,Home,417.3,841
588,Product_588,Clothing,492.96,425
589,Product_589,Toys,396.69,947
590,Product_590,Clothing,302.69,664
591,Product_591,Electronics,172.91,693
592,Product_592,Clothing,274.57,124
593,Product_593,Home,25.33,66
594,Product_594,Grocery,373.69,5
595,Product_595,Clothing,225.75,636
596,Product_596,Grocery,14.91,313
597,Product_597,Electronics,35.94,325
598,Product_598,Toys,196.8,564
599,Product_599,Toys,293.79,577
600,Product_600,Grocery,234.78,825
601,Product_601,Toys,311.51,505
602,Product_602,Clothing,242.75,81
603,Product_603,Grocery,332.54,598
604,Product_604,Home,113.47,1
605,Product_605,Clothing,60.86,203
606,Product_606,Clothing,300.23,661
607,Product_607,Clothing,244.92,804
608,Product_608,Home,18.3,403
609,Product_609,Electronics,193.34,102
610,Product_610,Toys,57.53,535
611,Product_611,Grocery,268.02,367
612,Product_612,Electronics,200.91,211
613,Product_613,Grocery,308.51,576
614,Product_614,Toys,403.77,960
615,Product_615,Home,153.34,208
616,Product_616,Clothing,481.24,762
617,Product_617,Clothing,270.14,896
618,Product_618,Home,311.05,116
619,Product_619,Electronics,341.93,627
620,Product_620,Electronics,335.03,748
621,Product_621,Grocery,257.93,477
622,Product_622,Home,217.24,104
623,Product_623,Electronics,31.62,494
624,Product_624,Home,15.93,770
625,Product_625,Toys,182.19,45
626,Product_626,Clothing,170.16,822
627,Product_627,Clothing,196.91,330
628,Product_628,Clothing,73.49,215
629,Product_629,Home,370.39,981
630,Product_630,Home,429.2,959
631,Product_631,Grocery,469.66,491
632,Product_632,Clothing,248.72,812
633,Product_633,Grocery,351.93,921
634,Product_634,Clothing,428.5,844
635,Product_635,Grocery,212.05,448
636,Product_636,Grocery,158.16,535
637,Product_637,Toys,468.68,510
638,Product_638,Grocery,260.26,457
639,Product_639,Home,251.14,546
640,Product_640,Grocery,93.32,535
641,Product_641,Clothing,58.54,539
642,Product_642,Grocery,421.84,483
643,Product_643,Electronics,309.0,975
644,Product_644,Clothing,166.28,999
645,Product_645,Electronics,99.91,15
646,Product_646,Clothing,279.97,570
647,Product_647,Home,294.04,976
648,Product_648,Home,107.46,242
649,Product_649,Home,426.45,949
650,Product_650,Electronics,46.71,206
651,Product_651,Toys,181.27,911
652,Product_652,Clothing,341.79,270
653,Product_653,Home,140.69,760
654,Product_654,Clothing,414.7,993
655,Product_655,Electronics,371.23,778
656,Product_656,Toys,395.57,704
657,Product_657,Electronics,63.96,846
658,Product_658,Clothing,74.57,729
659,Product_659,Toys,146.8,114
660,Product_660,Toys,261.45,579
661,Product_661,Electronics,375.27,298
662,Product_662,Home,419.08,836
663,Product_663,Clothing,353.65,482
664,Product_664,Grocery,464.66,396
665,Product_665,Grocery,370.68,393
666,Product_666,Electronics,156.6,74
667,Product_667,Clothing,136.22,977
668,Product_668,Clothing,349.62,481
669,Product_669,Electronics,100.47,102
670,Product_670,Clothing,50.89,296
671,Product_671,Home,268.45,177
672,Product_672,Electronics,411.71,214
673,Product_673,Home,55.18,966
674,Product_674,Clothing,396.99,314
675,Product_675,Electronics,406.73,38
676,Product_676,Clothing,243.73,258
677,Product_677,Electronics,33.37,715
678,Product_678,Clothing,91.42,6
679,Product_679,Home,355.18,48
680,Product_680,Home,357.33,537
681,Product_681,Clothing,449.69,160
682,Product_682,Electronics,293.43,868
683,Product_683,Grocery,66.43,175
684,Product_684,Home,65.1,590
685,Product_685,Home,361.96,1
686,Product_686,Grocery,95.97,894
687,Product_687,Clothing,167.55,454
688,Product_688,Electronics,246.17,927
689,Product_689,Clothing,17.26,643
690,Product_690,Toys,128.17,275
691,Product_691,Home,206.91,497
692,Product_692,Toys,143.42,628
693,Product_693,Home,72.5,675
694,Product_694,Home,365.37,799
695,Product_695,Toys,407.51,27
696,Product_696,Toys,132.45,332
697,Product_697,Clothing,388.34,0
698,Product_698,Toys,195.85,187
699,Product_699,Clothing,255.81,55
700,Product_700,Clothing,428.72,546
701,Product_701,Clothing,376.23,111
702,Product_702,Home,403.53,797
703,Product_703,Home,72.74,309
704,Product_704,Toys,39.51,35
705,Product_705,Home,447.24,438
706,Product_706,Toys,196.98,728
707,Product_707,Home,147.5,591
708,Product_708,Electronics,363.72,825
709,Product_709,Electronics,419.03,594
710,Product_710,Toys,431.93,576
711,Product_711,Home,161.42,324
712,Product_712,Home,426.85,639
713,Product_713,Clothing,25.26,306
714,Product_714,Grocery,29.58,533
715,Product_715,Toys,313.64,727
716,Product_716,Grocery,36.24,618
717,Product_717,Grocery,165.68,108
718,Product_718,Toys,338.01,371
719,Product_719,Home,171.95,356
720,Product_720,Toys,93.9,180
721,Product_721,Grocery,144.27,355
722,Product_722,Home,231.5,675
723,Product_723,Electronics,240.32,67
724,Product_724,Toys,392.59,291
725,Product_725,Toys,376.33,691
726,Product_726,Home,231.12,180
727,Product_727,Electronics,423.61,465
728,Product_728,Electronics,61.55,433
729,Product_729,Home,131.4,463
730,Product_730,Clothing,414.85,680
731,Product_731,Toys,192.11,913
732,Product_732,Toys,490.68,533
733,Product_733,Grocery,235.8,65
734,Product_734,Home,397.01,20
735,Product_735,Grocery,204.14,611
736,Product_736,Grocery,215.35,383
737,Product_737,Electronics,194.53,811
738,Product_738,Toys,360.94,614
739,Product_739,Grocery,276.02,558
740,Product_740,Electronics,472.17,38
741,Product_741,Home,129.19,284
742,Product_742,Grocery,54.78,821
743,Product_743,Toys,199.66,601
744,Product_744,Grocery,310.27,596
745,Product_745,Home,431.1,784
746,Product_746,Grocery,176.37,335
747,Product_747,Toys,328.62,187
748,Product_748,Electronics,178.35,670
749,Product_749,Toys,310.52,242
750,Product_750,Electronics,442.98,72
751,Product_751,Clothing,119.52,478
752,Product_752,Toys,205.1,973
753,Product_753,Toys,496.67,560
754,Product_754,Home,434.94,100
755,Product_755,Grocery,284.5,513
756,Product_756,Electronics,260.73,755
757,Product_757,Electronics,145.88,175
758,Product_758,Home,261.02,237
759,Product_759,Home,424.85,909
760,Product_760,Grocery,344.16,58
761,Product_761,Grocery,148.57,864
762,Product_762,Toys,104.72,98
763,Product_763,Clothing,136.28,953
764,Product_764,Grocery,89.03,870
765,Product_765,Home,52.34,953
766,Product_766,Grocery,212.47,494
767,Product_767,Electronics,61.08,946
768,Product_768,Clothing,90.1,979
769,Product_769,Toys,275.93,513
770,Product_770,Electronics,86.48,754
771,Product_771,Electronics,36.62,296
772,Product_772,Clothing,162.11,210
773,Product_773,Toys,114.06,122
774,Product_774,Home,260.08,228
775,Product_775,Toys,55.67,593
776,Product_776,Grocery,377.13,655
777,Product_777,Electronics,453.59,387
778,Product_778,Grocery,373.0,139
779,Product_779,Home,268.75,540
780,Product_780,Grocery,431.03,390
781,Product_781,Toys,348.98,269
782,Product_782,Grocery,10.22,758
783,Product_783,Home,200.07,11
784,Product_784,Home,426.22,866
785,Product_785,Home,176.2,388
786,Product_786,Toys,22.43,336
787,Product_787,Home,374.36,505
788,Product_788,Electronics,402.01,105
789,Product_789,Home,84.49,31
790,Product_790,Grocery,270.98,73
791,Product_791,Grocery,100.02,170
792,Product_792,Grocery,361.02,848
793,Product_793,Toys,139.42,68
794,Product_794,Grocery,161.53,812
795,Product_795,Toys,423.26,361
796,Product_796,Toys,240.78,648
797,Product_797,Home,336.53,432
798,Product_798,Electronics,204.17,928
799,Product_799,Home,152.51,995
800,Product_800,Home,314.61,99
801,Product_801,Toys,81.65,657
802,Product_802,Toys,189.63,8
803,Product_803,Grocery,108.47,573
804,Product_804,Grocery,349.42,696
805,Product_805,Home,472.38,28
806,Product_806,Clothing,497.78,892
807,Product_807,Clothing,227.89,113
808,Product_808,Grocery,130.0,461
809,Product_809,Clothing,224.2,920
810,Product_810,Grocery,424.4,142
811,Product_811,Toys,106.97,389
812,Product_812,Home,476.29,631
813,Product_813,Electronics,174.22,681
814,Product_814,Home,492.97,156
815,Product_815,Grocery,420.11,334
816,Product_816,Grocery,405.24,860
817,Product_817,Home,162.36,259
818,Product_818,Grocery,9.34,81
819,Product_819,Clothing,194.16,753
820,Product_820,Clothing,154.4,440
821,Product_821,Grocery,23.51,944
822,Product_822,Grocery,255.16,171
823,Product_823,Clothing,204.5,230
824,Product_824,Grocery,319.11,719
825,Product_825,Grocery,312.49,74
826,Product_826,Home,64.77,269
827,Product_827,Electronics,488.6,898
828,Product_828,Clothing,97.53,625
829,Product_829,Home,225.41,61
830,Product_830,Electronics,246.62,873
831,Product_831,Grocery,407.47,319
832,Product_832,Grocery,54.12,101
833,Product_833,Home,217.18,428
834,Product_834,Grocery,316.11,873
835,Product_835,Toys,111.5,721
836,Product_836,Home,315.6,953
837,Product_837,Electronics,462.21,254
838,Product_838,Home,498.77,531
839,Product_839,Clothing,21.06,569
840,Product_840,Home,121.62,111
841,Product_841,Grocery,158.6,984
842,Product_842,Grocery,202.57,312
843,Product_843,Toys,124.92,997
844,Product_844,Toys,105.73,460
845,Product_845,Toys,477.5,707
846,Product_846,Electronics,459.67,886
847,Product_847,Toys,28.26,461
848,Product_848,Electronics,172.71,864
849,Product_849,Toys,205.55,91
850,Product_850,Electronics,123.31,51
851,Product_851,Home,316.29,804
852,Product_852,Home,321.99,519
853,Product_853,Grocery,426.0,811
854,Product_854,Electronics,371.73,97
855,Product_855,Clothing,273.57,235
856,Product_856,Grocery,328.53,900
857,Product_857,Home,140.62,373
858,Product_858,Electronics,298.56,580
859,Product_859,Toys,247.17,926
860,Product_860,Clothing,71.01,556
861,Product_861,Home,125.06,648
862,Product_862,Grocery,149.39,233
863,Product_863,Electronics,462.53,31
864,Product_864,Clothing,119.04,288
865,Product_865,Electronics,148.18,637
866,Product_866,Toys,187.83,578
867,Product_867,Grocery,333.55,541
868,Product_868,Electronics,63.53,113
869,Product_869,Home,477.2,203
870,Product_870,Grocery,433.46,28
871,Product_871,Home,290.72,642
872,Product_872,Electronics,338.65,473
873,Product_873,Grocery,13.25,696
874,Product_874,Home,172.78,252
875,Product_875,Toys,398.85,797
876,Product_876,Toys,43.35,904
877,Product_877,Electronics,144.75,921
878,Product_878,Grocery,294.72,385
879,Product_879,Clothing,131.92,61
880,Product_880,Grocery,467.32,514
881,Product_881,Toys,69.87,429
882,Product_882,Home,399.71,579
883,Product_883,Clothing,256.43,536
884,Product_884,Electronics,376.41,690
885,Product_885,Clothing,158.8,140
886,Product_886,Electronics,259.67,742
887,Product_887,Clothing,429.13,299
888,Product_888,Electronics,236.1,674
889,Product_889,Electronics,183.06,310
890,Product_890,Clothing,270.4,470
891,Product_891,Clothing,360.09,392
892,Product_892,Electronics,224.56,641
893,Product_893,Toys,469.74,444
894,Product_894,Clothing,151.0,757
895,Product_895,Grocery,240.35,808
896,Product_896,Home,379.68,171
897,Product_897,Electronics,346.11,575
898,Product_898,Electronics,432.5,30
899,Product_899,Home,498.42,46
900,Product_900,Toys,216.29,129
901,Product_901,Home,60.02,351
902,Product_902,Clothing,20.06,977
903,Product_903,Home,364.8,844
904,Product_904,Electronics,437.64,621
905,Product_905,Home,114.25,580
906,Product_906,Grocery,83.43,57
907,Product_907,Clothing,35.79,105
908,Product_908,Home,412.24,811
909,Product_909,Electronics,159.13,329
910,Product_910,Clothing,203.84,767
911,Product_911,Electronics,253.86,823
912,Product_912,Toys,420.53,682
913,Product_913,Grocery,327.16,382
914,Product_914,Toys,309.46,984
915,Product_915,Grocery,91.96,161
916,Product_916,Home,259.03,996
917,Product_917,Clothing,359.11,285
918,Product_918,Home,486.76,70
919,Product_919,Grocery,104.7,766
920,Product_920,Grocery,9.72,453
921,Product_921,Grocery,42.27,885
922,Product_922,Electronics,191.05,566
923,Product_923,Clothing,411.17,834
924,Product_924,Home,8.54,396
925,Product_925,Home,231.08,514
926,Product_926,Toys,167.97,25
927,Product_927,Grocery,30.98,312
928,Product_928,Grocery,227.87,125
929,Product_929,Grocery,131.1,407
930,Product_930,Home,179.18,564
931,Product_931,Toys,354.28,197
932,Product_932,Electronics,263.17,810
933,Product_933,Clothing,66.7,187
934,Product_934,Electronics,480.9,697
935,Product_935,Home,319.78,816
936,Product_936,Grocery,384.1,809
937,Product_937,Clothing,44.21,715
938,Product_938,Home,28.29,483
939,Product_939,Home,14.63,449
940,Product_940,Home,98.45,522
941,Product_941,Clothing,210.13,870
942,Product_942,Clothing,468.23,353
943,Product_943,Toys,231.24,985
944,Product_944,Toys,148.68,657
945,Product_945,Electronics,283.16,596
946,Product_946,Clothing,60.41,99
947,Product_947,Clothing,306.71,615
948,Product_948,Clothing,286.37,947
949,Product_949,Toys,397.04,557
950,Product_950,Home,493.41,555
951,Product_951,Grocery,129.18,277
952,Product_952,Toys,257.28,692
953,Product_953,Clothing,454.89,698
954,Product_954,Toys,393.67,989
955,Product_955,Electronics,246.27,625
956,Product_956,Clothing,472.96,490
957,Product_957,Electronics,33.33,254
958,Product_958,Clothing,465.84,380
959,Product_959,Toys,30.0,891
960,Product_960,Home,275.92,541
961,Product_961,Grocery,445.77,263
962,Product_962,Electronics,135.05,609
963,Product_963,Toys,238.76,824
964,Product_964,Home,165.54,878
965,Product_965,Toys,476.31,328
966,Product_966,Electronics,412.7,114
967,Product_967,Grocery,355.96,275
968,Product_968,Toys,295.88,487
969,Product_969,Clothing,411.19,280
970,Product_970,Home,199.17,274
971,Product_971,Toys,226.54,772
972,Product_972,Home,366.35,842
973,Product_973,Clothing,182.09,718
974,Product_974,Grocery,36.63,895
975,Product_975,Grocery,41.8,327
976,Product_976,Clothing,62.1,210
977,Product_977,Home,435.49,726
978,Product_978,Toys,238.75,922
979,Product_979,Clothing,357.88,551
980,Product_980,Electronics,199.49,991
981,Product_981,Home,133.06,25
982,Product_982,Grocery,176.86,26
983,Product_983,Clothing,398.12,701
984,Product_984,Grocery,314.48,82
985,Product_985,Home,469.13,895
986,Product_986,Grocery,341.45,945
987,Product_987,Clothing,287.24,681
988,Product_988,Home,307.05,412
989,Product_989,Electronics,471.47,166
990,Product_990,Clothing,395.16,699
991,Product_991,Toys,16.9,168
992,Product_992,Clothing,269.4,800
993,Product_993,Home,345.73,978
994,Product_994,Clothing,375.61,228
995,Product_995,Electronics,110.51,978
996,Product_996,Electronics,434.25,608
997,Product_997,Toys,478.14,366
998,Product_998,Grocery,122.17,527
999,Product_999,Home,441.89,790
1000,Product_1000,Home,53.0,646
